id_client,nom_client,gendre_client
1,Nader Ben Romdhane,Homme
2,Amine Ben Salah,Femme
3,Lamia Ben Youssef,Homme
4,Karim Ben Romdhane,Homme
5,Aymen Gharbi,Homme
6,Nesrine Triki,Homme
7,Riadh Jaziri,Homme
8,Nesrine Chouchane,Homme
9,Khaled Gharbi,Femme
10,Fares Bouzid,Femme
11,Tarek Fakhfakh,Homme
12,Meriem Fakhfakh,Femme
13,Souhir Ben Romdhane,Femme
14,Asma Trabelsi,Homme
15,Riadh Jaziri,Homme
16,Sami Jebali,Homme
17,Sami Ben Salah,Homme
18,Fatma Ben Romdhane,Homme
19,Rania Ghanmi,Femme
20,Mohamed Ali Bouzid,Femme
21,Hedi Ayari,Homme
22,Mehdi Ghanmi,Homme
23,Nidhal Jebali,Homme
24,Nesrine Chouchane,Femme
25,Mounir Ben Amor,Homme
26,Fadhel Ben Hassen,Femme
27,Aida Gharbi,Homme
28,Nader Daghbaji,Femme
29,Sami Jebali,Homme
30,Mourad Ben Ammar,Homme
31,Souhir Ben Romdhane,Femme
32,Yasmine Chouchane,Homme
33,Amine Ben Salah,Femme
34,Amina Bouazizi,Femme
35,Fadhel Trabelsi,Homme
36,Karim Ben Romdhane,Femme
37,Ines Ayari,Homme
38,Meriem Fakhfakh,Femme
39,Asma Trabelsi,Femme
40,Fatma Ben Romdhane,Femme
41,Amine Ben Salah,Homme
42,Nidhal Jebali,Femme
43,Lamia Chouchane,Homme
44,Lamia Ben Youssef,Femme
45,Anouar Hammami,Homme
46,Nadia Bouhlel,Femme
47,Nour Daghbaji,Femme
48,Amine Ben Salah,Femme
49,Ibtissem Bouzid,Femme
50,Rim Ben Youssef,Femme
51,Aymen Gharbi,Femme
52,Meriem Ghanmi,Homme
53,Lamia Chouchane,Homme
54,Khaled Gharbi,Homme
55,Fares Bouzid,Femme
56,Ines Ayari,Homme
57,Hana Khemiri,Homme
58,Aida Gharbi,Femme
59,Noura Fakhfakh,Femme
60,Khalil Ben Ammar,Homme
61,Farid Jaziri,Homme
62,Souhir Ben Romdhane,Homme
63,Yassine Chouchane,Femme
64,Rania Ghanmi,Homme
65,Sabrine Trabelsi,Femme
66,Radhia Gharbi,Femme
67,Mounir Ben Amor,Homme
68,Amina Bouazizi,Femme
69,Asma Trabelsi,Homme
70,Leila Triki,Homme
71,Karim Hammami,Homme
72,Lotfi Khemiri,Homme
73,Yassine Khemiri,Homme
74,Sana Ben Hassen,Homme
75,Nidhal Jebali,Homme
76,Ines Jaziri,Femme
77,Yassine Khemiri,Femme
78,Karim Hammami,Homme
79,Karim Ben Romdhane,Femme
80,Hana Khemiri,Femme
81,Amina Bouazizi,Femme
82,Fares Bouzid,Homme
83,Aymen Gharbi,Femme
84,Khaled Gharbi,Homme
85,Nadia Bouhlel,Femme
86,Aida Bouhlel,Homme
87,Asma Trabelsi,Homme
88,Meriem Ghanmi,Femme
89,Hela Ben Youssef,Homme
90,Amira Khemiri,Femme
91,Hana Khemiri,Homme
92,Khalil Ben Ammar,Homme
93,Rania Ghanmi,Homme
94,Sofien Khelifi,Femme
95,Khalil Ben Ammar,Homme
96,Nesrine Triki,Femme
97,Nour Bouhlel,Femme
98,Hana Khemiri,Femme
99,Hela Ben Youssef,Homme
100,Asma Ben Ammar,Homme
